{"numGamesPerRank":[34.26829268292683,60.12682926829268,70.82926829268293,95.96585365853659,105.44878048780488,180.35121951219512,335.219512195122,349.3951219512195,390.57073170731707],"accountLevelsPerRank":[155.3170731707317,205.25853658536585,245.22439024390243,280.89268292682925,275.190243902439,293.4146341463415,362.1658536585366,365.55121951219513,363.2439024390244],"gameModeDistribution":{"iron":[89,53,9,25,13,16],"bronze":[106,41,1,29,13,15],"silver":[120,35,0,21,10,19],"gold":[112,24,3,18,27,21],"platinum":[129,19,1,20,13,23],"diamond":[151,5,0,20,12,17],"master":[153,5,1,13,7,26],"grandmaster":[151,5,0,16,6,27],"challenger":[156,3,0,14,5,27]},"averageStatsPerRank":[[1,0.9764748660424295,0.9897301475179919,0.9594773765284499,0.9138098581338926,0.8776020799270081,0.8777137651944575,0.8659048701459165,0.8773292573544409],[0.680788358813778,0.7101763068357564,0.86448087431694,1,0.9678485195069261,0.9545109108674412,0.9000321440051431,0.8633156009119533,0.8886086591004625],[0.9608377877168103,0.9869939549368014,1,0.9674063800277393,0.9031384059607134,0.8610557448723719,0.80868075385494,0.8039606506783257,0.7991038088125466],[0.9413552962149455,0.9598215670367891,1,0.985243426183219,0.9436899355055692,0.907292087433774,0.9159536483687516,0.9016617240100973,0.9113443933231682],[0.9716309797071254,0.9894320082441036,1,0.9464659985557532,0.8905505873447772,0.8197844314115162,0.8069409492313755,0.7936242254611308,0.7726449361266275],[0.6470202853594399,0.7575846706680637,0.8688074727555787,0.8908503224849877,0.8447670194663354,0.8542398883760572,0.9288749147816886,0.9502491262195981,1],[0.7019599733462006,0.7879439309002915,0.8595140714772616,0.8745878719585993,0.8222761211775336,0.8396491981589287,0.9162967163688924,0.945686851508978,1],[0.27357441423476625,0.445682271878421,0.6097269624573378,0.693503169185763,0.675291689816652,0.7343534570440521,0.8335675567155189,0.920552403770088,1],[0.974607050677712,0.9732423243622018,1,0.9778443702102575,0.922555260548287,0.9269701303551746,0.9164711276532621,0.894722938320413,0.8909110147074384]],"matchWinrateStats":[[0.1073170731707317,0.14634146341463414,0.16585365853658537,0.15609756097560976,0.22926829268292684,0.21951219512195122,0.2634146341463415,0.2,0.21951219512195122],[0.12682926829268293,0.2,0.21951219512195122,0.22926829268292684,0.23902439024390243,0.22926829268292684,0.22926829268292684,0.23902439024390243,0.2097560975609756],[0.05853658536585366,0.13170731707317074,0.18048780487804877,0.15121951219512195,0.2097560975609756,0.24878048780487805,0.28780487804878047,0.2634146341463415,0.25365853658536586]]}