{"numGamesPerRank":[32.6,51.009756097560974,69.15121951219513,89.9560975609756,102.50731707317073,166.37560975609756,324.06341463414634,344,369.21463414634144],"accountLevelsPerRank":[238,58,366,118,237,612,101,426,358],"gameModeDistribution":{"iron":[1,0,0,0,0,0],"bronze":[1,0,0,0,0,0],"silver":[0,0,0,1,0,0],"gold":[1,0,0,0,0,0],"platinum":[0,0,0,1,0,0],"diamond":[0,0,0,1,0,0],"master":[0,0,0,0,0,1],"grandmaster":[1,0,0,0,0,0],"challenger":[0,0,0,1,0,0]},"averageStatsPerRank":[[1860,1595,1240,1562,1509,999,1438,2015,1807],[1,1,0,0,0,0,1,2,2],[5,4,0,3,0,0,3,4,4],[132502,105480,146327,100896,173039,118726,94473,137004,121424],[97,61,113,51,139,83,48,64,47],[220,240,0,210,0,0,246,397,357],[97,82,0,94,0,0,106,162,164],[12,14,0,13,0,0,31,66,58],[15,13,5,11,5,6,11,15,13]]}