{"numGamesPerRank":[34.21951219512195,59.90243902439025,68.59512195121951,96.02439024390245,105.65853658536585,182.29268292682926,335.99024390243903,349.10731707317075,390.0243902439024],"accountLevelsPerRank":[152.609756097561,203.65365853658537,243.10243902439024,284.7121951219512,276.30243902439025,292.10243902439026,354.86829268292684,364.7951219512195,364.77073170731705],"gameModeDistribution":{"iron":[90,44,9,25,14,23],"bronze":[107,38,1,27,11,21],"silver":[116,37,0,20,8,24],"gold":[115,22,2,16,27,23],"platinum":[127,20,1,17,11,29],"diamond":[142,6,0,21,16,20],"master":[144,5,0,15,6,35],"grandmaster":[145,6,0,15,8,31],"challenger":[150,6,1,18,4,26]},"averageStatsPerRank":[[1,0.9460871678661701,0.9900778256346255,0.9199175167487114,0.8980426192868444,0.877240673872157,0.8481139706983851,0.8603888905533751,0.8577247805374959],[0.7051282051282051,0.7009345794392523,0.9283819628647215,0.9698996655518394,0.9842519685039369,0.9818526543878656,0.8613782051282052,0.9283819628647215,1],[0.9615520282186949,0.9421450823319982,1,0.9146307798481711,0.884389451318585,0.8639056561591772,0.7943672839506172,0.7999999999999999,0.781005291005291],[0.9450161405854329,0.9285850744400719,1,0.9484701714837289,0.926376644498823,0.9053636409793151,0.8859795025571624,0.8985620474088262,0.8960438369045811],[0.9866677926976889,0.9470531268276629,1,0.9145217611614765,0.8775168622037269,0.8136934095069531,0.7951468062945135,0.791081834304535,0.7812684739464573],[0.6672632168605456,0.7504844845616632,0.8900369595206327,0.8545344298976029,0.8540108090495759,0.8694575625032853,0.9080112326036506,0.9809061291393195,1],[0.7310469314079422,0.7893557233953333,0.8859659262684284,0.8496087180752068,0.839685201804648,0.8607057507499872,0.9099944129276258,0.9834788639718304,1],[0.2987534030663419,0.4636071097136537,0.6423828134650257,0.6874038263859903,0.708424486056595,0.782074594003338,0.8330049672828008,0.9891250104994788,1],[1,0.9455895531942133,0.997638167217761,0.9605717689100656,0.9034624096645454,0.9284198340729308,0.8898401826484019,0.8927727916863487,0.8882191780821919]],"matchWinrateStats":[[0.28431372549019607,0.28292682926829266,0.3170731707317073,0.33170731707317075,0.4097560975609756,0.3872549019607843,0.4878048780487805,0.33658536585365856,0.4],[0.3193717277486911,0.44041450777202074,0.43915343915343913,0.4639175257731959,0.48148148148148145,0.5274725274725275,0.5191256830601093,0.518324607329843,0.5875706214689266],[0.2392638036809816,0.32903225806451614,0.39634146341463417,0.42011834319526625,0.49390243902439024,0.5652173913043478,0.525974025974026,0.5253164556962026,0.54]]}