{"numGamesPerRank":[32.6,51.009756097560974,69.15121951219513,89.9560975609756,102.50731707317073,166.37560975609756,324.06341463414634,344,369.21463414634144],"accountLevelsPerRank":[238,58,366,118,237,612,101,426,358],"gameModeDistribution":{"iron":[1,0,0,0,0,0],"bronze":[1,0,0,0,0,0],"silver":[0,0,0,1,0,0],"gold":[1,0,0,0,0,0],"platinum":[0,0,0,1,0,0],"diamond":[0,0,0,1,0,0],"master":[0,0,0,0,0,1],"grandmaster":[1,0,0,0,0,0],"challenger":[0,0,0,1,0,0]},"averageStatsPerRank":{"IRON":{"duration":1860,"barons":0,"dragons":5,"gold":132502,"kills":96},"BRONZE":{"duration":1595,"barons":0,"dragons":4,"gold":105480,"kills":61},"SILVER":{"duration":1240,"barons":0,"dragons":0,"gold":146327,"kills":112},"GOLD":{"duration":1562,"barons":0,"dragons":3,"gold":100896,"kills":51},"PLATINUM":{"duration":1509,"barons":0,"dragons":0,"gold":173039,"kills":139},"DIAMOND":{"duration":999,"barons":0,"dragons":0,"gold":118726,"kills":83},"MASTER":{"duration":2230,"barons":0,"dragons":6,"gold":140434,"kills":61},"GRANDMASTER":{"duration":1955,"barons":0,"dragons":5,"gold":126763,"kills":53},"CHALLENGER":{"duration":1063,"barons":0,"dragons":0,"gold":123587,"kills":85}}}