{"numGamesPerRank":[33.6,49.59024390243903,65.0439024390244,93.1219512195122,94.32682926829268,163.0487804878049,295.9951219512195,337.0829268292683,360.3707317073171],"accountLevelsPerRank":[204.95,172.3,237.3,305.7,285.25,294.85,286.3,402.15,375.45]}