{"numGamesPerRank":[32.6,51.009756097560974,69.15121951219513,89.9560975609756,102.50731707317073,166.37560975609756,324.06341463414634,344,369.21463414634144],"accountLevelsPerRank":[238,58,366,118,237,612,101,426,358],"gameModeDistribution":{"iron":[1,0,0,0,0,0],"bronze":[1,0,0,0,0,0],"silver":[0,0,0,1,0,0],"gold":[1,0,0,0,0,0],"platinum":[0,0,0,1,0,0],"diamond":[0,0,0,1,0,0],"master":[0,0,0,0,0,1],"grandmaster":[1,0,0,0,0,0],"challenger":[0,0,0,1,0,0]},"averageStatsPerRank":[[1,0.8575268817204301,0,0.8397849462365592,0,0,0.5376344086021505,0.49946236559139784,0.9521505376344086],[1,1,0,0,0,0,0,0,1],[1,0.8,0,0.6,0,0,0.4,0.4,0.8],[1,0.7960634556459525,0,0.7614677514301671,0,0,0.48278516550693573,0.41206925178487874,0.9278652397699657],[1,0.6288659793814433,0,0.5257731958762887,0,0,0.26804123711340205,0.15463917525773196,0.6391752577319587],[0.6626506024096386,0.7228915662650602,0,0.6325301204819277,0,0,0.3373493975903614,0.35843373493975905,1],[0.7637795275590551,0.6456692913385826,0,0.7401574803149606,0,0,0.4251968503937008,0.47244094488188976,1],[0.2926829268292683,0.34146341463414637,0,0.3170731707317073,0,0,0.1951219512195122,0.43902439024390244,1],[1,0.8666666666666667,0,0.7333333333333333,0,0,0.4666666666666667,0.2,0.8666666666666667]]}