{"numGamesPerRank":[32.6,51.009756097560974,69.15121951219513,89.9560975609756,102.50731707317073,166.37560975609756,324.06341463414634,344,369.21463414634144],"accountLevelsPerRank":[238,58,366,118,237,612,101,426,358],"gameModeDistribution":{"iron":[1,0,0,0,0,0],"bronze":[1,0,0,0,0,0],"silver":[0,0,0,1,0,0],"gold":[1,0,0,0,0,0],"platinum":[0,0,0,1,0,0],"diamond":[0,0,0,1,0,0],"master":[0,0,0,0,0,1],"grandmaster":[1,0,0,0,0,0],"challenger":[0,0,0,1,0,0]},"averageStatsPerRank":[[1,0.5,1,0.7657348921341431,0.697841726618705,0.6162464985994398,0.5914634146341463,0.20689655172413793,1],[0.8575268817204301,0.5,0.8,0.6095735643409868,0.43884892086330934,0.6722689075630253,0.5,0.2413793103448276,0.8666666666666667],[0.6666666666666666,0,0,0.8456301758563098,0.8129496402877698,0,0,0,0.3333333333333333],[0.8397849462365592,0,0.6,0.5830824265050075,0.3669064748201439,0.5882352941176471,0.573170731707317,0.22413793103448276,0.7333333333333333],[0.8112903225806452,0,0,1,1,0,0,0,0.3333333333333333],[0.5370967741935484,0,0,0.6861227815694728,0.5971223021582733,0,0,0,0.4],[0.8650537634408603,0.5,0.6,0.5593652298036859,0.31654676258992803,0.9411764705882353,0.8048780487804879,0.9655172413793104,0.6666666666666666],[0.46236559139784944,0,0,0.6473396170805426,0.6834532374100719,0,0,0,0.3333333333333333],[0.9715053763440861,1,0.8,0.7017146423638602,0.3381294964028777,1,1,1,0.8666666666666667]]}