{"numGamesPerRank":[32.00487804878049,51.014634146341464,68.93658536585366,89.37073170731708,100.72195121951219,172.5951219512195,332.5560975609756,347.49756097560976,369.4146341463415],"accountLevelsPerRank":[156.16,211.085,259.315,278.44,281.61,293.26,337.865,379.535,373.48],"gameModeDistribution":{"iron":[94,52,11,23,15,10],"bronze":[108,41,1,33,10,12],"silver":[114,28,0,27,15,21],"gold":[114,27,4,21,26,13],"platinum":[127,11,1,30,16,20],"diamond":[137,7,0,25,14,22],"master":[148,6,0,18,10,23],"grandmaster":[158,8,0,23,3,13],"challenger":[157,3,0,28,8,9]}}