{"numGamesPerRank":[32.6,51.009756097560974,69.15121951219513,89.9560975609756,102.50731707317073,166.37560975609756,324.06341463414634,344,369.21463414634144],"accountLevelsPerRank":[238,58,366,118,237,612,101,426,358],"gameModeDistribution":{"iron":[1,0,0,0,0,0],"bronze":[1,0,0,0,0,0],"silver":[0,0,0,1,0,0],"gold":[1,0,0,0,0,0],"platinum":[0,0,0,1,0,0],"diamond":[0,0,0,1,0,0],"master":[0,0,0,0,0,1],"grandmaster":[1,0,0,0,0,0],"challenger":[0,0,0,1,0,0]},"averageStatsPerRank":[[1,1595,0,0.011788501305640669,0,0,7.874015748031496,22.658536585365855,118.06666666666666],[0.0005376344086021505,1,0,0,0,0,0,0,0.06666666666666667],[0.002688172043010753,4,0,0.00002264116768048784,0,0,0.015748031496062992,0.04878048780487805,0.26666666666666666],[71.23763440860215,105480,0,0.7614677514301671,0,0,503.7007874015748,1331.7073170731708,8196.266666666666],[0.0521505376344086,61,0,0.00038489985056829333,0,0,0.2047244094488189,0.36585365853658536,4.133333333333334],[0.11827956989247312,240,0,0.0015848817376341489,0,0,0.8818897637795275,2.902439024390244,22.133333333333333],[0.0521505376344086,82,0,0.000709423253988619,0,0,0.4251968503937008,1.4634146341463414,8.466666666666667],[0.0064516129032258064,14,0,0.00009811172661544732,0,0,0.06299212598425197,0.43902439024390244,2.7333333333333334],[0.008064516129032258,13,0,0.00008301761482845542,0,0,0.05511811023622047,0.07317073170731707,0.8666666666666667]]}